,Seed,epoch,train_loss,train_accuracy,test_accuracy
0,0,0,0.6936669343312581,0.5054166666666666,0.9618333333333333
1,0,1,0.6895758261680603,0.5415,0.9618333333333333
2,0,2,0.6564505718549093,0.6140416666666667,0.9618333333333333
3,0,3,0.5033377645015716,0.7375416666666667,0.9618333333333333
4,0,4,0.3335355252424876,0.863875,0.9618333333333333
5,0,5,0.2663490430514018,0.9021666666666667,0.9618333333333333
6,0,6,0.2287239298025767,0.9258333333333333,0.9618333333333333
7,0,7,0.20942058610916137,0.93625,0.9618333333333333
8,0,8,0.1979995330174764,0.9417916666666667,0.9618333333333333
9,0,9,0.18890343622366587,0.9455416666666666,0.9618333333333333
10,0,10,0.18156569504737854,0.948875,0.9618333333333333
11,0,11,0.17615612733364105,0.9502916666666666,0.9618333333333333
12,0,12,0.1716919157107671,0.95225,0.9618333333333333
13,0,13,0.16784401599566143,0.9546666666666667,0.9618333333333333
14,0,14,0.1650257093111674,0.95625,0.9618333333333333
15,0,15,0.16273464846611024,0.957625,0.9618333333333333
16,0,16,0.16036053419113158,0.9580833333333333,0.9618333333333333
17,0,17,0.15859613136450448,0.9583333333333334,0.9618333333333333
18,0,18,0.15709671795368194,0.958875,0.9618333333333333
19,0,19,0.15503572316964467,0.9597916666666667,0.9618333333333333
20,0,20,0.1535386620759964,0.9604166666666667,0.9618333333333333
21,0,21,0.15187183996041617,0.96075,0.9618333333333333
22,0,22,0.15075135338306428,0.9611666666666666,0.9618333333333333
23,0,23,0.14934751419226328,0.9615833333333333,0.9618333333333333
24,0,24,0.14818814539909364,0.9620833333333333,0.9618333333333333
25,0,25,0.14684302365779878,0.9628333333333333,0.9618333333333333
26,0,26,0.14566677991549173,0.96275,0.9618333333333333
27,0,27,0.14426671612262726,0.963125,0.9618333333333333
28,0,28,0.14355653738975524,0.963625,0.9618333333333333
29,0,29,0.14255425910154979,0.96375,0.9618333333333333
30,0,30,0.14161152013142903,0.96375,0.9618333333333333
31,0,31,0.14068391565481822,0.9638333333333333,0.9618333333333333
32,0,32,0.13992874813079834,0.9639166666666666,0.9618333333333333
33,0,33,0.13938663363456727,0.9640833333333333,0.9618333333333333
34,0,34,0.13875318415959675,0.964125,0.9618333333333333
35,0,35,0.1380206567446391,0.964375,0.9618333333333333
36,0,36,0.1376047505537669,0.9643333333333334,0.9618333333333333
37,0,37,0.1373439484834671,0.9642916666666667,0.9618333333333333
38,0,38,0.13690434432029724,0.9644166666666667,0.9618333333333333
39,0,39,0.13553167780240377,0.9647916666666667,0.9618333333333333
40,0,40,0.1353545462290446,0.96475,0.9618333333333333
41,0,41,0.13487709510326384,0.9647083333333333,0.9618333333333333
42,0,42,0.13438996160030364,0.96475,0.9618333333333333
43,0,43,0.13405454564094543,0.965,0.9618333333333333
44,0,44,0.13353841265042624,0.9649583333333334,0.9618333333333333
45,0,45,0.1327013595501582,0.9653333333333334,0.9618333333333333
46,0,46,0.13275386770566305,0.9652916666666667,0.9618333333333333
47,0,47,0.1321121877034505,0.9653333333333334,0.9618333333333333
48,0,48,0.13168333697319032,0.9652916666666667,0.9618333333333333
49,0,49,0.13184649705886842,0.9654166666666667,0.9618333333333333
50,0,50,0.1314542243083318,0.9654583333333333,0.9618333333333333
51,0,51,0.1308970382610957,0.9655416666666666,0.9618333333333333
52,0,52,0.13084254185358682,0.9654166666666667,0.9618333333333333
53,0,53,0.13065895819664,0.9655833333333333,0.9618333333333333
54,0,54,0.13024259614944458,0.965375,0.9618333333333333
55,0,55,0.12958476595083873,0.965625,0.9618333333333333
56,0,56,0.1294101372162501,0.9656666666666667,0.9618333333333333
57,0,57,0.1290998448530833,0.96575,0.9618333333333333
58,0,58,0.12883630265792212,0.9655833333333333,0.9618333333333333
59,0,59,0.12855643792947133,0.9656666666666667,0.9618333333333333
60,0,60,0.12802177308003107,0.965875,0.9618333333333333
61,0,61,0.12790073265631993,0.96575,0.9618333333333333
62,0,62,0.12755320912599563,0.965875,0.9618333333333333
63,0,63,0.12737344189484914,0.9659166666666666,0.9618333333333333
64,0,64,0.1274486880103747,0.96575,0.9618333333333333
65,0,65,0.12784087491035462,0.9657083333333333,0.9618333333333333
66,0,66,0.12628338366746902,0.9662083333333333,0.9618333333333333
67,0,67,0.12613867207368215,0.966,0.9618333333333333
68,0,68,0.12585615454117458,0.9659583333333334,0.9618333333333333
69,0,69,0.12582338229815165,0.966125,0.9618333333333333
70,0,70,0.12549262821674348,0.966125,0.9618333333333333
71,0,71,0.12508373105525972,0.9660833333333333,0.9618333333333333
72,0,72,0.1248873134056727,0.9661666666666666,0.9618333333333333
73,0,73,0.12409576962391536,0.96575,0.9618333333333333
74,0,74,0.12437987367312113,0.9659166666666666,0.9618333333333333
75,0,75,0.12430299152930578,0.9662083333333333,0.9618333333333333
76,0,76,0.12381609612703323,0.965875,0.9618333333333333
77,0,77,0.12409607326984405,0.966125,0.9618333333333333
78,0,78,0.12433678948879243,0.965875,0.9618333333333333
79,0,79,0.12422365415096283,0.9658333333333333,0.9618333333333333
80,0,80,0.12292597373326619,0.9661666666666666,0.9618333333333333
81,0,81,0.12254546147584915,0.96625,0.9618333333333333
82,0,82,0.12274554765224457,0.96625,0.9618333333333333
83,0,83,0.12249520681301752,0.9660833333333333,0.9618333333333333
84,0,84,0.12259062854448954,0.9661666666666666,0.9618333333333333
85,0,85,0.12215471023321152,0.9663333333333334,0.9618333333333333
86,0,86,0.12194776397943496,0.966625,0.9618333333333333
87,0,87,0.12177174953619639,0.9662083333333333,0.9618333333333333
88,0,88,0.12148071316878001,0.9665,0.9618333333333333
89,0,89,0.12140692494312923,0.9664583333333333,0.9618333333333333
90,0,90,0.12118670984109242,0.9661666666666666,0.9618333333333333
91,0,91,0.12125321777661642,0.9663333333333334,0.9618333333333333
92,0,92,0.12116267844041188,0.9663333333333334,0.9618333333333333
93,0,93,0.1205963788429896,0.9665833333333333,0.9618333333333333
94,0,94,0.12063252365589142,0.966375,0.9618333333333333
95,0,95,0.12045868730545044,0.9666666666666667,0.9618333333333333
96,0,96,0.12014574770132701,0.9663333333333334,0.9618333333333333
97,0,97,0.1201651957432429,0.966875,0.9618333333333333
98,0,98,0.12004711790879567,0.966625,0.9618333333333333
99,0,99,0.12002563599745432,0.9662916666666667,0.9618333333333333
100,1,0,0.6941645348866781,0.5003333333333333,0.9658333333333333
101,1,1,0.6926292473475139,0.513125,0.9658333333333333
102,1,2,0.6908279414176941,0.528375,0.9658333333333333
103,1,3,0.6670072318712871,0.593375,0.9658333333333333
104,1,4,0.5599568893114726,0.6947916666666667,0.9658333333333333
105,1,5,0.4161834975083669,0.8057916666666667,0.9658333333333333
106,1,6,0.32768547733624775,0.8654166666666666,0.9658333333333333
107,1,7,0.2692155244350433,0.9044583333333334,0.9658333333333333
108,1,8,0.23425196758906047,0.9266666666666666,0.9658333333333333
109,1,9,0.21408917991320292,0.9373333333333334,0.9658333333333333
110,1,10,0.20203097860018412,0.9434583333333333,0.9658333333333333
111,1,11,0.19098453787962597,0.948375,0.9658333333333333
112,1,12,0.1860508945385615,0.9502083333333333,0.9658333333333333
113,1,13,0.17928419216473898,0.9528333333333333,0.9658333333333333
114,1,14,0.17601815609137217,0.9539166666666666,0.9658333333333333
115,1,15,0.17195560971895854,0.9554166666666667,0.9658333333333333
116,1,16,0.1689484334786733,0.95625,0.9658333333333333
117,1,17,0.1654517161846161,0.9577083333333334,0.9658333333333333
118,1,18,0.16342255810896555,0.9580416666666667,0.9658333333333333
119,1,19,0.16145890514055888,0.9585416666666666,0.9658333333333333
120,1,20,0.15996350753307342,0.9589583333333334,0.9658333333333333
121,1,21,0.15846668775876363,0.9595416666666666,0.9658333333333333
122,1,22,0.15675292352835338,0.9599583333333334,0.9658333333333333
123,1,23,0.15547200226783753,0.9601666666666666,0.9658333333333333
124,1,24,0.15404449228445688,0.9606666666666667,0.9658333333333333
125,1,25,0.15330752261479696,0.960625,0.9658333333333333
126,1,26,0.1522102020184199,0.961,0.9658333333333333
127,1,27,0.1513840506076813,0.9609166666666666,0.9658333333333333
128,1,28,0.15105878778298695,0.9609166666666666,0.9658333333333333
129,1,29,0.14900104320049287,0.96175,0.9658333333333333
130,1,30,0.1488948848247528,0.9615416666666666,0.9658333333333333
131,1,31,0.14777172990640006,0.9618333333333333,0.9658333333333333
132,1,32,0.147153994957606,0.96175,0.9658333333333333
133,1,33,0.1468436841169993,0.9617916666666667,0.9658333333333333
134,1,34,0.14584120750427246,0.961625,0.9658333333333333
135,1,35,0.1459855808019638,0.9619583333333334,0.9658333333333333
136,1,36,0.14502941679954529,0.961875,0.9658333333333333
137,1,37,0.14514952703317005,0.962,0.9658333333333333
138,1,38,0.1462067592938741,0.961625,0.9658333333333333
139,1,39,0.1424716749191284,0.962625,0.9658333333333333
140,1,40,0.14367150513331095,0.9616666666666667,0.9658333333333333
141,1,41,0.14489858071009318,0.9614166666666667,0.9658333333333333
142,1,42,0.1414333924452464,0.9624166666666667,0.9658333333333333
143,1,43,0.1424198230902354,0.9619583333333334,0.9658333333333333
144,1,44,0.1407925002972285,0.9624166666666667,0.9658333333333333
145,1,45,0.14152022445201873,0.9617083333333334,0.9658333333333333
146,1,46,0.14374513339996337,0.9615,0.9658333333333333
147,1,47,0.13914094813664754,0.963,0.9658333333333333
148,1,48,0.13992653286457063,0.9625416666666666,0.9658333333333333
149,1,49,0.13953304068247477,0.9625416666666666,0.9658333333333333
150,1,50,0.13876149372259775,0.9627916666666667,0.9658333333333333
151,1,51,0.13881322391827902,0.9628333333333333,0.9658333333333333
152,1,52,0.13786732284228007,0.9629166666666666,0.9658333333333333
153,1,53,0.13950299803415933,0.9625833333333333,0.9658333333333333
154,1,54,0.1373291970094045,0.9635416666666666,0.9658333333333333
155,1,55,0.13665454518795014,0.964,0.9658333333333333
156,1,56,0.1364825396935145,0.96375,0.9658333333333333
157,1,57,0.13827437098821005,0.9630416666666667,0.9658333333333333
158,1,58,0.13507840991020204,0.964375,0.9658333333333333
159,1,59,0.13641487034161887,0.9635416666666666,0.9658333333333333
160,1,60,0.13813043971856434,0.9632083333333333,0.9658333333333333
161,1,61,0.13419510781764984,0.9643333333333334,0.9658333333333333
162,1,62,0.13418771016597747,0.9641666666666666,0.9658333333333333
163,1,63,0.13319321302572887,0.9644583333333333,0.9658333333333333
164,1,64,0.1326629634698232,0.9649166666666666,0.9658333333333333
165,1,65,0.13232865460713705,0.9647083333333333,0.9658333333333333
166,1,66,0.1320761150519053,0.9648333333333333,0.9658333333333333
167,1,67,0.13280957575639088,0.9645416666666666,0.9658333333333333
168,1,68,0.13049025217692056,0.9652083333333333,0.9658333333333333
169,1,69,0.1308062822818756,0.964875,0.9658333333333333
170,1,70,0.130552277247111,0.9647916666666667,0.9658333333333333
171,1,71,0.13074481805165608,0.964875,0.9658333333333333
172,1,72,0.12939828912417095,0.9650416666666667,0.9658333333333333
173,1,73,0.12928719838460287,0.9649166666666666,0.9658333333333333
174,1,74,0.12857630284627278,0.965125,0.9658333333333333
175,1,75,0.12866015561421712,0.965,0.9658333333333333
176,1,76,0.12787857572237651,0.9653333333333334,0.9658333333333333
177,1,77,0.12848511171340943,0.965125,0.9658333333333333
178,1,78,0.12734542793035508,0.96525,0.9658333333333333
179,1,79,0.1273427786429723,0.9651666666666666,0.9658333333333333
180,1,80,0.12729161608219147,0.965375,0.9658333333333333
181,1,81,0.12683159615596135,0.9650833333333333,0.9658333333333333
182,1,82,0.12630765002965927,0.965375,0.9658333333333333
183,1,83,0.1262324433128039,0.96525,0.9658333333333333
184,1,84,0.1254963505466779,0.9655416666666666,0.9658333333333333
185,1,85,0.12605876779556274,0.9651666666666666,0.9658333333333333
186,1,86,0.12552015453577042,0.9652083333333333,0.9658333333333333
187,1,87,0.12547307602564495,0.9653333333333334,0.9658333333333333
188,1,88,0.125185626188914,0.9655,0.9658333333333333
189,1,89,0.12485793821016948,0.9653333333333334,0.9658333333333333
190,1,90,0.12453055103619894,0.9655833333333333,0.9658333333333333
191,1,91,0.12368874982992809,0.965625,0.9658333333333333
192,1,92,0.12494989049434661,0.9655,0.9658333333333333
193,1,93,0.1241046472589175,0.9658333333333333,0.9658333333333333
194,1,94,0.12335667550563813,0.965875,0.9658333333333333
195,1,95,0.12464220498005549,0.9655833333333333,0.9658333333333333
196,1,96,0.12277626816431682,0.9657916666666667,0.9658333333333333
197,1,97,0.12291294850905736,0.9657083333333333,0.9658333333333333
198,1,98,0.12305704069137573,0.9654166666666667,0.9658333333333333
199,1,99,0.1224673835436503,0.965875,0.9658333333333333
200,2,0,0.6938486617406209,0.5000416666666667,0.9526666666666667
201,2,1,0.691905089855194,0.5184583333333334,0.9526666666666667
202,2,2,0.6695501055717469,0.6030416666666667,0.9526666666666667
203,2,3,0.5483545891443888,0.722375,0.9526666666666667
204,2,4,0.37525535202026367,0.8432083333333333,0.9526666666666667
205,2,5,0.27325481657187145,0.9057916666666667,0.9526666666666667
206,2,6,0.2238667902946472,0.9329583333333333,0.9526666666666667
207,2,7,0.19518235862255096,0.9484583333333333,0.9526666666666667
208,2,8,0.18655050015449523,0.95175,0.9526666666666667
209,2,9,0.17123674031098685,0.957,0.9526666666666667
210,2,10,0.16640478519598642,0.9584583333333333,0.9526666666666667
211,2,11,0.1633307522535324,0.9593333333333334,0.9526666666666667
212,2,12,0.16097208094596863,0.9605,0.9526666666666667
213,2,13,0.15785618297259013,0.961625,0.9526666666666667
214,2,14,0.15603673378626506,0.9622916666666667,0.9526666666666667
215,2,15,0.1545364749034246,0.9630416666666667,0.9526666666666667
216,2,16,0.1532056228319804,0.9637083333333333,0.9526666666666667
217,2,17,0.15175850172837577,0.9641666666666666,0.9526666666666667
218,2,18,0.15070345910390218,0.964375,0.9526666666666667
219,2,19,0.1495213001171748,0.9646666666666667,0.9526666666666667
220,2,20,0.14857290343443552,0.9650833333333333,0.9526666666666667
221,2,21,0.14748392073313396,0.9653333333333334,0.9526666666666667
222,2,22,0.14699232534567516,0.9655,0.9526666666666667
223,2,23,0.1455389216740926,0.9657916666666667,0.9526666666666667
224,2,24,0.14495936214923857,0.9659583333333334,0.9526666666666667
225,2,25,0.14409862407048543,0.9660833333333333,0.9526666666666667
226,2,26,0.14374157404899598,0.9660833333333333,0.9526666666666667
227,2,27,0.1432694983879725,0.966125,0.9526666666666667
228,2,28,0.14225291891892752,0.9662916666666667,0.9526666666666667
229,2,29,0.14205441685517628,0.966125,0.9526666666666667
230,2,30,0.14063283423582712,0.9662916666666667,0.9526666666666667
231,2,31,0.1404092060724894,0.9665833333333333,0.9526666666666667
232,2,32,0.13980474110444388,0.9664583333333333,0.9526666666666667
233,2,33,0.13932907021045685,0.9665416666666666,0.9526666666666667
234,2,34,0.1388780706723531,0.9667083333333333,0.9526666666666667
235,2,35,0.13832321755091348,0.9665833333333333,0.9526666666666667
236,2,36,0.13779757301012674,0.9665416666666666,0.9526666666666667
237,2,37,0.13767276628812153,0.9665,0.9526666666666667
238,2,38,0.1365832303762436,0.9665416666666666,0.9526666666666667
239,2,39,0.13663001823425294,0.9666666666666667,0.9526666666666667
240,2,40,0.13637637702624003,0.9664583333333333,0.9526666666666667
241,2,41,0.13542345158259073,0.9665833333333333,0.9526666666666667
242,2,42,0.1350789916117986,0.9666666666666667,0.9526666666666667
243,2,43,0.13484601338704427,0.9666666666666667,0.9526666666666667
244,2,44,0.13414367568492888,0.9666666666666667,0.9526666666666667
245,2,45,0.1341604676246643,0.9667083333333333,0.9526666666666667
246,2,46,0.13350968567530314,0.9667083333333333,0.9526666666666667
247,2,47,0.13341617623964946,0.9665833333333333,0.9526666666666667
248,2,48,0.13257491405804953,0.966875,0.9526666666666667
249,2,49,0.13283116881052653,0.96675,0.9526666666666667
250,2,50,0.13198532338937125,0.9667916666666667,0.9526666666666667
251,2,51,0.13309992571671803,0.9665,0.9526666666666667
252,2,52,0.1313690984050433,0.9669166666666666,0.9526666666666667
253,2,53,0.13214968091249465,0.9665833333333333,0.9526666666666667
254,2,54,0.1310096027056376,0.9668333333333333,0.9526666666666667
255,2,55,0.13074805221954983,0.9669583333333334,0.9526666666666667
256,2,56,0.13008262199163437,0.9667916666666667,0.9526666666666667
257,2,57,0.1302751765847206,0.9670833333333333,0.9526666666666667
258,2,58,0.12940914825598399,0.967,0.9526666666666667
259,2,59,0.12974948579072954,0.9670833333333333,0.9526666666666667
260,2,60,0.12884088973204294,0.9668333333333333,0.9526666666666667
261,2,61,0.1287715316216151,0.967,0.9526666666666667
262,2,62,0.1284181994398435,0.9668333333333333,0.9526666666666667
263,2,63,0.12824344835678736,0.966875,0.9526666666666667
264,2,64,0.12833267064889273,0.9668333333333333,0.9526666666666667
265,2,65,0.12707500092188517,0.9669166666666666,0.9526666666666667
266,2,66,0.12833750434716543,0.96675,0.9526666666666667
267,2,67,0.12701205962896348,0.966625,0.9526666666666667
268,2,68,0.12685270857810974,0.9665833333333333,0.9526666666666667
269,2,69,0.12651170937220255,0.9667083333333333,0.9526666666666667
270,2,70,0.12595643212397895,0.966875,0.9526666666666667
271,2,71,0.12568555496136347,0.9667083333333333,0.9526666666666667
272,2,72,0.125361652135849,0.9669166666666666,0.9526666666666667
273,2,73,0.1256739061077436,0.9667083333333333,0.9526666666666667
274,2,74,0.12505561039845148,0.967,0.9526666666666667
275,2,75,0.1245400643547376,0.9665833333333333,0.9526666666666667
276,2,76,0.12454348476727803,0.9670416666666667,0.9526666666666667
277,2,77,0.12382447024186452,0.966875,0.9526666666666667
278,2,78,0.12391380089521407,0.966875,0.9526666666666667
279,2,79,0.12393236031134923,0.9667083333333333,0.9526666666666667
280,2,80,0.12348236598571141,0.9670833333333333,0.9526666666666667
281,2,81,0.12308896040916442,0.9666666666666667,0.9526666666666667
282,2,82,0.12292061203718185,0.967,0.9526666666666667
283,2,83,0.12243907697995504,0.9667083333333333,0.9526666666666667
284,2,84,0.12261534569660823,0.966875,0.9526666666666667
285,2,85,0.12227825178702673,0.9669583333333334,0.9526666666666667
286,2,86,0.1223281966050466,0.9666666666666667,0.9526666666666667
287,2,87,0.12195465075969696,0.9669583333333334,0.9526666666666667
288,2,88,0.12249200149377187,0.9669166666666666,0.9526666666666667
289,2,89,0.12130460304021835,0.967125,0.9526666666666667
290,2,90,0.12189535635709763,0.9669166666666666,0.9526666666666667
291,2,91,0.12137575948238373,0.9667083333333333,0.9526666666666667
292,2,92,0.12112350855271022,0.9671666666666666,0.9526666666666667
293,2,93,0.121574278652668,0.9669583333333334,0.9526666666666667
294,2,94,0.12061021846532821,0.967,0.9526666666666667
295,2,95,0.12088564739624659,0.9668333333333333,0.9526666666666667
296,2,96,0.12019950731595357,0.967125,0.9526666666666667
297,2,97,0.12018155525128046,0.9668333333333333,0.9526666666666667
298,2,98,0.11976648086309433,0.9674166666666667,0.9526666666666667
299,2,99,0.11996490321556727,0.9667916666666667,0.9526666666666667
300,3,0,0.6945294121106466,0.500375,0.96
301,3,1,0.6924932058652242,0.5140833333333333,0.96
302,3,2,0.6909859798749288,0.5264166666666666,0.96
303,3,3,0.6833457123438518,0.5635833333333333,0.96
304,3,4,0.6404187507629394,0.6508333333333334,0.96
305,3,5,0.46661801187197366,0.798875,0.96
306,3,6,0.31220650784174603,0.8897916666666666,0.96
307,3,7,0.24633248209953307,0.9277083333333334,0.96
308,3,8,0.21685205920537312,0.942625,0.96
309,3,9,0.19884164528052012,0.9501666666666667,0.96
310,3,10,0.18920649774869283,0.9537083333333334,0.96
311,3,11,0.17961809543768564,0.9572083333333333,0.96
312,3,12,0.17292242681980133,0.9589583333333334,0.96
313,3,13,0.17028875128428142,0.959625,0.96
314,3,14,0.1645789237419764,0.9611666666666666,0.96
315,3,15,0.15891189515590667,0.9630833333333333,0.96
316,3,16,0.15490451089541118,0.9636666666666667,0.96
317,3,17,0.15220253956317903,0.9642916666666667,0.96
318,3,18,0.1503567785024643,0.9645833333333333,0.96
319,3,19,0.1489704412817955,0.9642916666666667,0.96
320,3,20,0.14751828849315643,0.9646666666666667,0.96
321,3,21,0.14677244297663372,0.9647083333333333,0.96
322,3,22,0.14589835558334988,0.96475,0.96
323,3,23,0.14495816997687022,0.9650416666666667,0.96
324,3,24,0.14406169551610948,0.9649583333333334,0.96
325,3,25,0.14304939113060633,0.965125,0.96
326,3,26,0.1421728277603785,0.9651666666666666,0.96
327,3,27,0.14141726020971934,0.9652083333333333,0.96
328,3,28,0.14079384982585907,0.965125,0.96
329,3,29,0.1405847636461258,0.9652916666666667,0.96
330,3,30,0.14013231603304546,0.9651666666666666,0.96
331,3,31,0.1392495757341385,0.9655416666666666,0.96
332,3,32,0.13886225994427998,0.9655416666666666,0.96
333,3,33,0.13813152037064236,0.9654583333333333,0.96
334,3,34,0.13801694985230764,0.9655416666666666,0.96
335,3,35,0.13790613716840744,0.9654583333333333,0.96
336,3,36,0.1375002347230911,0.9655833333333333,0.96
337,3,37,0.13750038733084996,0.965375,0.96
338,3,38,0.13691750095287958,0.96575,0.96
339,3,39,0.1365700673262278,0.9655416666666666,0.96
340,3,40,0.13639206312100094,0.9657083333333333,0.96
341,3,41,0.13643420416116714,0.9654583333333333,0.96
342,3,42,0.13630047518014907,0.9655833333333333,0.96
343,3,43,0.13669154783089957,0.9655833333333333,0.96
344,3,44,0.13673899948596954,0.9655,0.96
345,3,45,0.13714825890461604,0.9654166666666667,0.96
346,3,46,0.13745208175977072,0.9652916666666667,0.96
347,3,47,0.13844091846545536,0.9648333333333333,0.96
348,3,48,0.13980712948242824,0.9645,0.96
349,3,49,0.14061154383420943,0.964375,0.96
350,3,50,0.1423637440800667,0.9635833333333333,0.96
351,3,51,0.14289437979459763,0.96325,0.96
352,3,52,0.1399222170909246,0.9645416666666666,0.96
353,3,53,0.13608640044927597,0.965,0.96
354,3,54,0.13313836501042048,0.9658333333333333,0.96
355,3,55,0.13307661221424738,0.96575,0.96
356,3,56,0.13254691606760025,0.9656666666666667,0.96
357,3,57,0.1316117998957634,0.9656666666666667,0.96
358,3,58,0.13044239362080892,0.966,0.96
359,3,59,0.1297408781250318,0.9660416666666667,0.96
360,3,60,0.12935066640377044,0.9660833333333333,0.96
361,3,61,0.12878005466858547,0.9659583333333334,0.96
362,3,62,0.12816972780227662,0.96625,0.96
363,3,63,0.12784626070658367,0.96625,0.96
364,3,64,0.12814742137988408,0.966,0.96
365,3,65,0.1279173441529274,0.9660833333333333,0.96
366,3,66,0.1273894817829132,0.96625,0.96
367,3,67,0.12697913235425948,0.966,0.96
368,3,68,0.12655381544431052,0.9663333333333334,0.96
369,3,69,0.1261097518801689,0.9664583333333333,0.96
370,3,70,0.12604333484172822,0.9662916666666667,0.96
371,3,71,0.12567783312002817,0.9660833333333333,0.96
372,3,72,0.12544726971785228,0.9665,0.96
373,3,73,0.12487351210912069,0.9664166666666667,0.96
374,3,74,0.12483287247021993,0.966625,0.96
375,3,75,0.12486253887414932,0.9665416666666666,0.96
376,3,76,0.12415753738085429,0.966375,0.96
377,3,77,0.12408847892284393,0.966375,0.96
378,3,78,0.1234082493185997,0.966875,0.96
379,3,79,0.12328190618753433,0.9665833333333333,0.96
380,3,80,0.12288578128814698,0.9667916666666667,0.96
381,3,81,0.12301238445440928,0.9667083333333333,0.96
382,3,82,0.12221771482626598,0.966625,0.96
383,3,83,0.12224258265892665,0.9665833333333333,0.96
384,3,84,0.12239895304044088,0.9669583333333334,0.96
385,3,85,0.12226629356543223,0.9664166666666667,0.96
386,3,86,0.12202126610279083,0.96675,0.96
387,3,87,0.12176736913124721,0.9666666666666667,0.96
388,3,88,0.12211008886496226,0.9665833333333333,0.96
389,3,89,0.1212546454668045,0.9667083333333333,0.96
390,3,90,0.12122116680939993,0.9667083333333333,0.96
391,3,91,0.12103443145751953,0.9667916666666667,0.96
392,3,92,0.12117716491222381,0.9665833333333333,0.96
393,3,93,0.12093788035710652,0.9669166666666666,0.96
394,3,94,0.12084009178479513,0.9666666666666667,0.96
395,3,95,0.1204635286728541,0.9670833333333333,0.96
396,3,96,0.1201929472486178,0.9668333333333333,0.96
397,3,97,0.12011152064800262,0.9667083333333333,0.96
398,3,98,0.1195990669131279,0.9670416666666667,0.96
399,3,99,0.11940467065572738,0.9668333333333333,0.96
400,4,0,0.6945394900639852,0.5010833333333333,0.9568333333333333
401,4,1,0.6925834086736044,0.5129583333333333,0.9568333333333333
402,4,2,0.6921243696212769,0.520625,0.9568333333333333
403,4,3,0.6891054552396139,0.539375,0.9568333333333333
404,4,4,0.6487141199111939,0.6294583333333333,0.9568333333333333
405,4,5,0.46342857162157697,0.775375,0.9568333333333333
406,4,6,0.33135831260681153,0.8672083333333334,0.9568333333333333
407,4,7,0.2562647874355316,0.9190833333333334,0.9568333333333333
408,4,8,0.215699950615565,0.9369166666666666,0.9568333333333333
409,4,9,0.19694253766536712,0.9457083333333334,0.9568333333333333
410,4,10,0.18547995603084563,0.9500416666666667,0.9568333333333333
411,4,11,0.1773352129459381,0.954875,0.9568333333333333
412,4,12,0.17123682185014089,0.9585833333333333,0.9568333333333333
413,4,13,0.16208224074045818,0.9616666666666667,0.9568333333333333
414,4,14,0.15742968753973643,0.9629583333333334,0.9568333333333333
415,4,15,0.1540431142250697,0.9637916666666667,0.9568333333333333
416,4,16,0.15164394907156625,0.96425,0.9568333333333333
417,4,17,0.14950650930404663,0.9641666666666666,0.9568333333333333
418,4,18,0.14776337265968323,0.9641666666666666,0.9568333333333333
419,4,19,0.14612359515825907,0.9643333333333334,0.9568333333333333
420,4,20,0.14503688828150432,0.9645416666666666,0.9568333333333333
421,4,21,0.14373291528224946,0.9647916666666667,0.9568333333333333
422,4,22,0.14212087106704713,0.9646666666666667,0.9568333333333333
423,4,23,0.141126287261645,0.964875,0.9568333333333333
424,4,24,0.14053661119937896,0.9650416666666667,0.9568333333333333
425,4,25,0.13890495586395263,0.9652083333333333,0.9568333333333333
426,4,26,0.13803341891368232,0.96575,0.9568333333333333
427,4,27,0.13769324000676472,0.9657916666666667,0.9568333333333333
428,4,28,0.1367587653597196,0.9659166666666666,0.9568333333333333
429,4,29,0.13606689238548278,0.9661666666666666,0.9568333333333333
430,4,30,0.13513804799318313,0.9662083333333333,0.9568333333333333
431,4,31,0.13403080765406292,0.9665,0.9568333333333333
432,4,32,0.1331746401588122,0.9667083333333333,0.9568333333333333
433,4,33,0.13256289966901144,0.9666666666666667,0.9568333333333333
434,4,34,0.13220205316940944,0.9669166666666666,0.9568333333333333
435,4,35,0.13155592771371205,0.9669583333333334,0.9568333333333333
436,4,36,0.13129092061519623,0.967,0.9568333333333333
437,4,37,0.1304115147193273,0.967125,0.9568333333333333
438,4,38,0.13005818744500477,0.9670416666666667,0.9568333333333333
439,4,39,0.12937952939669292,0.9670833333333333,0.9568333333333333
440,4,40,0.12884675190846126,0.96725,0.9568333333333333
441,4,41,0.12819209335247675,0.9674583333333333,0.9568333333333333
442,4,42,0.127644247174263,0.9674583333333333,0.9568333333333333
443,4,43,0.126879449903965,0.967625,0.9568333333333333
444,4,44,0.12656508805354436,0.96775,0.9568333333333333
445,4,45,0.12603038622935614,0.9677916666666667,0.9568333333333333
446,4,46,0.12582193634907404,0.9677916666666667,0.9568333333333333
447,4,47,0.1253444370428721,0.9679583333333334,0.9568333333333333
448,4,48,0.1250874062379201,0.9680416666666667,0.9568333333333333
449,4,49,0.12440325494607289,0.9679583333333334,0.9568333333333333
450,4,50,0.12417564692099889,0.9680416666666667,0.9568333333333333
451,4,51,0.12372205227613449,0.968,0.9568333333333333
452,4,52,0.12302777204910914,0.9680416666666667,0.9568333333333333
453,4,53,0.12293658173084258,0.9680833333333333,0.9568333333333333
454,4,54,0.12237396677335104,0.9680833333333333,0.9568333333333333
455,4,55,0.12232579680283864,0.968,0.9568333333333333
456,4,56,0.1214965447584788,0.96825,0.9568333333333333
457,4,57,0.12118829542398453,0.9680833333333333,0.9568333333333333
458,4,58,0.12104011833667755,0.96825,0.9568333333333333
459,4,59,0.12062196832895279,0.9681666666666666,0.9568333333333333
460,4,60,0.12036950691541036,0.9680833333333333,0.9568333333333333
461,4,61,0.11984851165612538,0.9680833333333333,0.9568333333333333
462,4,62,0.11967551398277283,0.9682916666666667,0.9568333333333333
463,4,63,0.11924783625205358,0.9685416666666666,0.9568333333333333
464,4,64,0.11903705509503683,0.96825,0.9568333333333333
465,4,65,0.11898787631591161,0.96825,0.9568333333333333
466,4,66,0.1186375480890274,0.9684583333333333,0.9568333333333333
467,4,67,0.11825669707854589,0.9685416666666666,0.9568333333333333
468,4,68,0.11810372855265935,0.9683333333333334,0.9568333333333333
469,4,69,0.11759601300954818,0.968375,0.9568333333333333
470,4,70,0.11730492889881133,0.9684583333333333,0.9568333333333333
471,4,71,0.11693777245283127,0.9685416666666666,0.9568333333333333
472,4,72,0.11666230418284734,0.9684583333333333,0.9568333333333333
473,4,73,0.11646167566378911,0.9682916666666667,0.9568333333333333
474,4,74,0.11622615470488866,0.9685833333333334,0.9568333333333333
475,4,75,0.11616404229402542,0.9685,0.9568333333333333
476,4,76,0.11579459609587987,0.9685833333333334,0.9568333333333333
477,4,77,0.11552058112621308,0.9685,0.9568333333333333
478,4,78,0.11632967221736908,0.9683333333333334,0.9568333333333333
479,4,79,0.11555683334668478,0.968375,0.9568333333333333
480,4,80,0.11520571047067642,0.9683333333333334,0.9568333333333333
481,4,81,0.11451741919914882,0.9685416666666666,0.9568333333333333
482,4,82,0.11410352333386739,0.9685,0.9568333333333333
483,4,83,0.11436856198310852,0.9684166666666667,0.9568333333333333
484,4,84,0.11431205926338832,0.9683333333333334,0.9568333333333333
485,4,85,0.11387829673290252,0.9686666666666667,0.9568333333333333
486,4,86,0.1133931551973025,0.9685833333333334,0.9568333333333333
487,4,87,0.11328027313947678,0.9686666666666667,0.9568333333333333
488,4,88,0.11299677981932958,0.9687083333333333,0.9568333333333333
489,4,89,0.11272104529539743,0.9686666666666667,0.9568333333333333
490,4,90,0.11278112822771072,0.9685416666666666,0.9568333333333333
491,4,91,0.11263369214534759,0.968625,0.9568333333333333
492,4,92,0.11219773318370184,0.9685416666666666,0.9568333333333333
493,4,93,0.1127150580684344,0.9686666666666667,0.9568333333333333
494,4,94,0.11250911555687586,0.968625,0.9568333333333333
495,4,95,0.11191597535212834,0.968875,0.9568333333333333
496,4,96,0.11153455851475398,0.9686666666666667,0.9568333333333333
497,4,97,0.11154674762487411,0.968875,0.9568333333333333
498,4,98,0.11160818686087927,0.9685833333333334,0.9568333333333333
499,4,99,0.11133486696084341,0.9687083333333333,0.9568333333333333
500,5,0,0.6939799900054932,0.5051666666666667,0.958
501,5,1,0.6924980796178182,0.5159583333333333,0.958
502,5,2,0.6907195563316345,0.5270416666666666,0.958
503,5,3,0.67277374792099,0.591375,0.958
504,5,4,0.551070541938146,0.733,0.958
505,5,5,0.354030437707901,0.8617083333333333,0.958
506,5,6,0.2290310684045156,0.9374583333333333,0.958
507,5,7,0.199461585521698,0.9500833333333333,0.958
508,5,8,0.1848695989449819,0.955625,0.958
509,5,9,0.1736013172864914,0.9594583333333333,0.958
510,5,10,0.16622354201475778,0.9617083333333334,0.958
511,5,11,0.16171436134974163,0.9630416666666667,0.958
512,5,12,0.1574052903652191,0.963875,0.958
513,5,13,0.15424590321381887,0.9649166666666666,0.958
514,5,14,0.1519057408173879,0.96525,0.958
515,5,15,0.1492687513033549,0.9655,0.958
516,5,16,0.14674124093850455,0.966,0.958
517,5,17,0.1453367765347163,0.9660416666666667,0.958
518,5,18,0.1440440150499344,0.96625,0.958
519,5,19,0.14237822250525156,0.9664166666666667,0.958
520,5,20,0.1412212637066841,0.9664583333333333,0.958
521,5,21,0.13974759638309478,0.966625,0.958
522,5,22,0.13870617071787517,0.9665833333333333,0.958
523,5,23,0.13767492401599885,0.96675,0.958
524,5,24,0.1369733430345853,0.96675,0.958
525,5,25,0.13562123501300813,0.9667916666666667,0.958
526,5,26,0.13508533537387848,0.9668333333333333,0.958
527,5,27,0.13434862526257832,0.9669166666666666,0.958
528,5,28,0.13341437731186548,0.9669166666666666,0.958
529,5,29,0.1325337546467781,0.9669166666666666,0.958
530,5,30,0.1318344514966011,0.9669166666666666,0.958
531,5,31,0.13127148193120958,0.9669583333333334,0.958
532,5,32,0.1311466428041458,0.966875,0.958
533,5,33,0.1301913898984591,0.9669166666666666,0.958
534,5,34,0.12959642434120178,0.967,0.958
535,5,35,0.12902223779757818,0.9670833333333333,0.958
536,5,36,0.12835195245345435,0.9669583333333334,0.958
537,5,37,0.1282033450603485,0.967,0.958
538,5,38,0.12752338296175003,0.9672083333333333,0.958
539,5,39,0.12687863383690517,0.9669583333333334,0.958
540,5,40,0.12670321216185887,0.967,0.958
541,5,41,0.12611863813797633,0.9669166666666666,0.958
542,5,42,0.12595457180341085,0.9669166666666666,0.958
543,5,43,0.12509738075733184,0.967125,0.958
544,5,44,0.1248388436237971,0.967125,0.958
545,5,45,0.12485089337825775,0.967125,0.958
546,5,46,0.12414058230320613,0.9667916666666667,0.958
547,5,47,0.12354031791289648,0.9669166666666666,0.958
548,5,48,0.12304855541388193,0.967,0.958
549,5,49,0.12271463376283645,0.967125,0.958
550,5,50,0.12222852329413096,0.967,0.958
551,5,51,0.12167363693316778,0.9670833333333333,0.958
552,5,52,0.12087488933404286,0.9670416666666667,0.958
553,5,53,0.12085304166873297,0.967,0.958
554,5,54,0.12050424641370773,0.9671666666666666,0.958
555,5,55,0.12048310764630636,0.9670416666666667,0.958
556,5,56,0.11983107004563014,0.9668333333333333,0.958
557,5,57,0.11963912848631542,0.967,0.958
558,5,58,0.11934187324841818,0.9669583333333334,0.958
559,5,59,0.1185650320649147,0.967125,0.958
560,5,60,0.11870333393414816,0.96725,0.958
561,5,61,0.11830766095717749,0.9669166666666666,0.958
562,5,62,0.11777486634254455,0.9673333333333334,0.958
563,5,63,0.11745660120248795,0.9672083333333333,0.958
564,5,64,0.11749720885356267,0.9670833333333333,0.958
565,5,65,0.11687603288888931,0.9670416666666667,0.958
566,5,66,0.11664213170607884,0.96675,0.958
567,5,67,0.11625257154305776,0.9668333333333333,0.958
568,5,68,0.11626787157853444,0.9665416666666666,0.958
569,5,69,0.11549495993057887,0.966625,0.958
570,5,70,0.1158266141017278,0.966625,0.958
571,5,71,0.11531768713394801,0.9669166666666666,0.958
572,5,72,0.1150054758588473,0.9665833333333333,0.958
573,5,73,0.11456706782182058,0.96675,0.958
574,5,74,0.11397360277175904,0.9665,0.958
575,5,75,0.11354971325397492,0.9667083333333333,0.958
576,5,76,0.1138653339544932,0.9665833333333333,0.958
577,5,77,0.11331270466248194,0.9666666666666667,0.958
578,5,78,0.112387193719546,0.9670416666666667,0.958
579,5,79,0.112675674756368,0.96675,0.958
580,5,80,0.11173848527669906,0.9667083333333333,0.958
581,5,81,0.1115350287159284,0.96675,0.958
582,5,82,0.11144599018494288,0.9667916666666667,0.958
583,5,83,0.11142732751369476,0.9669583333333334,0.958
584,5,84,0.11082319468259812,0.9669166666666666,0.958
585,5,85,0.11037294205029806,0.9667083333333333,0.958
586,5,86,0.11015618568658829,0.966875,0.958
587,5,87,0.1100065012772878,0.967,0.958
588,5,88,0.11031338059902192,0.9666666666666667,0.958
589,5,89,0.11041570274035135,0.9665833333333333,0.958
590,5,90,0.10968612825870513,0.96675,0.958
591,5,91,0.10976225769519805,0.9662083333333333,0.958
592,5,92,0.10963277971744537,0.9665416666666666,0.958
593,5,93,0.10894607396920522,0.9670416666666667,0.958
594,5,94,0.10914179585377375,0.9668333333333333,0.958
595,5,95,0.10895174368222554,0.9664166666666667,0.958
596,5,96,0.10888049338261287,0.9664166666666667,0.958
597,5,97,0.10857773103316624,0.9665,0.958
598,5,98,0.10857337325811386,0.966875,0.958
599,5,99,0.10924234559138615,0.9664166666666667,0.958
600,6,0,0.6948653888702393,0.5009166666666667,0.9635
601,6,1,0.6928824949264526,0.5097083333333333,0.9635
602,6,2,0.6917117015520732,0.522125,0.9635
603,6,3,0.6848561832110087,0.5561666666666667,0.9635
604,6,4,0.6202047050793965,0.6595416666666667,0.9635
605,6,5,0.44754429785410565,0.797,0.9635
606,6,6,0.30115226046244303,0.8947916666666667,0.9635
607,6,7,0.2274159843524297,0.93425,0.9635
608,6,8,0.1962460922797521,0.9474166666666667,0.9635
609,6,9,0.17951192780335745,0.9549583333333334,0.9635
610,6,10,0.16860920592149098,0.960625,0.9635
611,6,11,0.16153067978223165,0.9636666666666667,0.9635
612,6,12,0.15669777969519297,0.9645416666666666,0.9635
613,6,13,0.15613558264573416,0.964375,0.9635
614,6,14,0.1562682731548945,0.9639583333333334,0.9635
615,6,15,0.15209805687268574,0.9645,0.9635
616,6,16,0.14489003813266754,0.9667916666666667,0.9635
617,6,17,0.14253153240680694,0.9670416666666667,0.9635
618,6,18,0.14247234360376995,0.9666666666666667,0.9635
619,6,19,0.14120926928520203,0.9668333333333333,0.9635
620,6,20,0.14055466504891714,0.9667916666666667,0.9635
621,6,21,0.13969009375572206,0.966875,0.9635
622,6,22,0.13923645722866057,0.9667916666666667,0.9635
623,6,23,0.13840545252958933,0.966875,0.9635
624,6,24,0.13766997190316518,0.967,0.9635
625,6,25,0.13757432782649995,0.9669166666666666,0.9635
626,6,26,0.1366608107884725,0.9668333333333333,0.9635
627,6,27,0.13650415476163227,0.9669166666666666,0.9635
628,6,28,0.1358745046456655,0.966875,0.9635
629,6,29,0.13501433261235554,0.966875,0.9635
630,6,30,0.13482745691140494,0.9669583333333334,0.9635
631,6,31,0.13452298800150553,0.9668333333333333,0.9635
632,6,32,0.1342790632645289,0.9667916666666667,0.9635
633,6,33,0.13348220205307007,0.9670416666666667,0.9635
634,6,34,0.1335199070374171,0.96675,0.9635
635,6,35,0.13307325653235116,0.966875,0.9635
636,6,36,0.13262062080701192,0.9668333333333333,0.9635
637,6,37,0.13246878214677174,0.9666666666666667,0.9635
638,6,38,0.13192859375476837,0.9668333333333333,0.9635
639,6,39,0.13213878961404166,0.9666666666666667,0.9635
640,6,40,0.1315799350142479,0.9667083333333333,0.9635
641,6,41,0.13160227566957475,0.9664583333333333,0.9635
642,6,42,0.13103285866975783,0.9665416666666666,0.9635
643,6,43,0.130546364625295,0.9666666666666667,0.9635
644,6,44,0.13046278395255406,0.9665833333333333,0.9635
645,6,45,0.1298294983903567,0.9665833333333333,0.9635
646,6,46,0.12992976353565852,0.9663333333333334,0.9635
647,6,47,0.12977817422151566,0.9666666666666667,0.9635
648,6,48,0.12915993477900822,0.966625,0.9635
649,6,49,0.12876182915767034,0.96675,0.9635
650,6,50,0.12852439735333124,0.9664583333333333,0.9635
651,6,51,0.12732596959670384,0.9666666666666667,0.9635
652,6,52,0.12777365044752756,0.96675,0.9635
653,6,53,0.12704076900084812,0.9666666666666667,0.9635
654,6,54,0.12686693596839904,0.9665416666666666,0.9635
655,6,55,0.12670436386267345,0.9665,0.9635
656,6,56,0.12613758567969005,0.9665833333333333,0.9635
657,6,57,0.12590971356630326,0.9665,0.9635
658,6,58,0.1259110235571861,0.9665416666666666,0.9635
659,6,59,0.12533995415767035,0.9665,0.9635
660,6,60,0.12470765948295594,0.9665,0.9635
661,6,61,0.12479649408658346,0.9665416666666666,0.9635
662,6,62,0.12411775310834249,0.9664166666666667,0.9635
663,6,63,0.12379204481840134,0.9665416666666666,0.9635
664,6,64,0.12367960939804713,0.9664583333333333,0.9635
665,6,65,0.12317662725845972,0.9665416666666666,0.9635
666,6,66,0.12272657726208369,0.9667083333333333,0.9635
667,6,67,0.1225599477092425,0.9666666666666667,0.9635
668,6,68,0.12239617973566055,0.9665833333333333,0.9635
669,6,69,0.12267292829354604,0.966375,0.9635
670,6,70,0.12209585291147232,0.9665416666666666,0.9635
671,6,71,0.12142209670941034,0.9667916666666667,0.9635
672,6,72,0.12156953209638596,0.9664166666666667,0.9635
673,6,73,0.12169338975350062,0.9665416666666666,0.9635
674,6,74,0.12121851456165314,0.966625,0.9635
675,6,75,0.12105503473679224,0.9667916666666667,0.9635
676,6,76,0.12065546534458796,0.9665416666666666,0.9635
677,6,77,0.12082991129159927,0.96675,0.9635
678,6,78,0.12015024771293005,0.9667916666666667,0.9635
679,6,79,0.12060157777865728,0.9665833333333333,0.9635
680,6,80,0.1200244888861974,0.966625,0.9635
681,6,81,0.12051153004169464,0.9665833333333333,0.9635
682,6,82,0.11998879569768905,0.967,0.9635
683,6,83,0.1197742154399554,0.966625,0.9635
684,6,84,0.11960120942195257,0.9669166666666666,0.9635
685,6,85,0.11904181530078252,0.967,0.9635
686,6,86,0.11921803992986679,0.9669166666666666,0.9635
687,6,87,0.11867726854483286,0.96725,0.9635
688,6,88,0.11847351745764415,0.9666666666666667,0.9635
689,6,89,0.11814449656009673,0.9671666666666666,0.9635
690,6,90,0.11762112440665563,0.967125,0.9635
691,6,91,0.11670206598440806,0.9670833333333333,0.9635
692,6,92,0.11661167027552923,0.9669583333333334,0.9635
693,6,93,0.11722921584049861,0.9669583333333334,0.9635
694,6,94,0.11717488292853037,0.9669166666666666,0.9635
695,6,95,0.1170953217347463,0.9669166666666666,0.9635
696,6,96,0.11710304355621338,0.967,0.9635
697,6,97,0.11639112665255864,0.9672916666666667,0.9635
698,6,98,0.11627697851260503,0.96725,0.9635
699,6,99,0.11593951479593913,0.9672916666666667,0.9635
700,7,0,0.6944813850720724,0.5003333333333333,0.9608333333333333
701,7,1,0.6928338964780172,0.5092083333333334,0.9608333333333333
702,7,2,0.6920531217257182,0.5175,0.9608333333333333
703,7,3,0.6849122673670451,0.5554583333333334,0.9608333333333333
704,7,4,0.6093297233581543,0.6757916666666667,0.9608333333333333
705,7,5,0.411972282965978,0.822,0.9608333333333333
706,7,6,0.26367371384302773,0.9181666666666667,0.9608333333333333
707,7,7,0.21394154834747314,0.94375,0.9608333333333333
708,7,8,0.19733234449227652,0.9502916666666666,0.9608333333333333
709,7,9,0.18426081617673237,0.9537083333333334,0.9608333333333333
710,7,10,0.17558759355545045,0.9565833333333333,0.9608333333333333
711,7,11,0.17179688906669616,0.958,0.9608333333333333
712,7,12,0.16943845653533934,0.9587083333333334,0.9608333333333333
713,7,13,0.16754731822013855,0.9592916666666667,0.9608333333333333
714,7,14,0.1641775281826655,0.960375,0.9608333333333333
715,7,15,0.1607075401544571,0.9615416666666666,0.9608333333333333
716,7,16,0.15918107759952546,0.961625,0.9608333333333333
717,7,17,0.15721421500047048,0.9615416666666666,0.9608333333333333
718,7,18,0.15576338438193002,0.962,0.9608333333333333
719,7,19,0.15426784257094064,0.962125,0.9608333333333333
720,7,20,0.15374800527095794,0.962125,0.9608333333333333
721,7,21,0.15276410380999247,0.9625833333333333,0.9608333333333333
722,7,22,0.1516941727399826,0.9625416666666666,0.9608333333333333
723,7,23,0.15114479207992554,0.9626666666666667,0.9608333333333333
724,7,24,0.15080724799633027,0.9624583333333333,0.9608333333333333
725,7,25,0.1505038576523463,0.9623333333333334,0.9608333333333333
726,7,26,0.15052754227320353,0.962375,0.9608333333333333
727,7,27,0.15146157479286193,0.961875,0.9608333333333333
728,7,28,0.15240025635560353,0.961375,0.9608333333333333
729,7,29,0.15305864882469178,0.9611666666666666,0.9608333333333333
730,7,30,0.15146318781375884,0.9618333333333333,0.9608333333333333
731,7,31,0.14917167973518372,0.9622916666666667,0.9608333333333333
732,7,32,0.14680780736605326,0.9624583333333333,0.9608333333333333
733,7,33,0.1451205001672109,0.96275,0.9608333333333333
734,7,34,0.14410901021957398,0.96275,0.9608333333333333
735,7,35,0.14330218478043874,0.9626666666666667,0.9608333333333333
736,7,36,0.14204844204584757,0.9629583333333334,0.9608333333333333
737,7,37,0.14075401830673218,0.9635416666666666,0.9608333333333333
738,7,38,0.13938691584269206,0.9639166666666666,0.9608333333333333
739,7,39,0.13943002430597942,0.9639166666666666,0.9608333333333333
740,7,40,0.13893817671140035,0.9639166666666666,0.9608333333333333
741,7,41,0.13817814246813456,0.964,0.9608333333333333
742,7,42,0.13814771882692972,0.9638333333333333,0.9608333333333333
743,7,43,0.13764073193073273,0.9640416666666667,0.9608333333333333
744,7,44,0.13716431554158529,0.9638333333333333,0.9608333333333333
745,7,45,0.13702978630860646,0.964125,0.9608333333333333
746,7,46,0.13710479203859965,0.9643333333333334,0.9608333333333333
747,7,47,0.1364794069925944,0.9642083333333333,0.9608333333333333
748,7,48,0.13643453137079875,0.9643333333333334,0.9608333333333333
749,7,49,0.1359153247276942,0.964375,0.9608333333333333
750,7,50,0.13493663183848062,0.9649166666666666,0.9608333333333333
751,7,51,0.13405135814348856,0.9650833333333333,0.9608333333333333
752,7,52,0.13507771797974905,0.9647083333333333,0.9608333333333333
753,7,53,0.13453880389531453,0.9646666666666667,0.9608333333333333
754,7,54,0.13411505130926768,0.9648333333333333,0.9608333333333333
755,7,55,0.13333922028541564,0.965,0.9608333333333333
756,7,56,0.1331968712011973,0.964875,0.9608333333333333
757,7,57,0.1329928078651428,0.964875,0.9608333333333333
758,7,58,0.1333424045642217,0.9647083333333333,0.9608333333333333
759,7,59,0.13364194059371948,0.964625,0.9608333333333333
760,7,60,0.13316210035483042,0.9646666666666667,0.9608333333333333
761,7,61,0.13249254898230234,0.9649166666666666,0.9608333333333333
762,7,62,0.13206505644321442,0.9651666666666666,0.9608333333333333
763,7,63,0.13071049429972967,0.965375,0.9608333333333333
764,7,64,0.13172286009788514,0.9651666666666666,0.9608333333333333
765,7,65,0.13218966682751973,0.9645833333333333,0.9608333333333333
766,7,66,0.1313961495757103,0.9652083333333333,0.9608333333333333
767,7,67,0.13163047514359155,0.9649166666666666,0.9608333333333333
768,7,68,0.13157813902695975,0.965125,0.9608333333333333
769,7,69,0.13113915073871613,0.9650833333333333,0.9608333333333333
770,7,70,0.12992395516236624,0.9652916666666667,0.9608333333333333
771,7,71,0.13039844399690628,0.965125,0.9608333333333333
772,7,72,0.13136273111899693,0.9650416666666667,0.9608333333333333
773,7,73,0.13155522519350052,0.9648333333333333,0.9608333333333333
774,7,74,0.1305401148001353,0.9648333333333333,0.9608333333333333
775,7,75,0.13093977332115173,0.96475,0.9608333333333333
776,7,76,0.1314350881576538,0.964875,0.9608333333333333
777,7,77,0.13022303001085916,0.9651666666666666,0.9608333333333333
778,7,78,0.13042017950614293,0.9652916666666667,0.9608333333333333
779,7,79,0.13054101439317067,0.9651666666666666,0.9608333333333333
780,7,80,0.13081093474229177,0.9649583333333334,0.9608333333333333
781,7,81,0.13130083858966826,0.9650416666666667,0.9608333333333333
782,7,82,0.131010069668293,0.96525,0.9608333333333333
783,7,83,0.13174125717083612,0.9647083333333333,0.9608333333333333
784,7,84,0.1315443182984988,0.964875,0.9608333333333333
785,7,85,0.13139939574400583,0.9649583333333334,0.9608333333333333
786,7,86,0.1311095432639122,0.965,0.9608333333333333
787,7,87,0.1323050019542376,0.9649166666666666,0.9608333333333333
788,7,88,0.13148040336370467,0.9654166666666667,0.9608333333333333
789,7,89,0.1312094501654307,0.9650833333333333,0.9608333333333333
790,7,90,0.13272557812929153,0.964125,0.9608333333333333
791,7,91,0.132917791167895,0.9644583333333333,0.9608333333333333
792,7,92,0.13252528500556945,0.9647083333333333,0.9608333333333333
793,7,93,0.13226865788300832,0.965,0.9608333333333333
794,7,94,0.13168578338623046,0.9645833333333333,0.9608333333333333
795,7,95,0.131930404762427,0.965,0.9608333333333333
796,7,96,0.13142457809050878,0.965,0.9608333333333333
797,7,97,0.13117664124568304,0.9646666666666667,0.9608333333333333
798,7,98,0.13147182436784108,0.9649583333333334,0.9608333333333333
799,7,99,0.1308190402785937,0.965,0.9608333333333333
800,8,0,0.6947254932721456,0.4997916666666667,0.9595
801,8,1,0.692400262037913,0.518625,0.9595
802,8,2,0.6899328260421753,0.5366666666666666,0.9595
803,8,3,0.6506197565396626,0.6285833333333334,0.9595
804,8,4,0.4908693713347117,0.7960416666666666,0.9595
805,8,5,0.34387419414520265,0.8684583333333333,0.9595
806,8,6,0.26559867755572003,0.9191666666666667,0.9595
807,8,7,0.243376025557518,0.9250416666666667,0.9595
808,8,8,0.21374626942475636,0.93975,0.9595
809,8,9,0.195048907995224,0.9457916666666667,0.9595
810,8,10,0.18513687380154928,0.9510833333333333,0.9595
811,8,11,0.1784626272916794,0.9539166666666666,0.9595
812,8,12,0.17409198172887166,0.955375,0.9595
813,8,13,0.17013412396113078,0.9577916666666667,0.9595
814,8,14,0.16695907990137737,0.9595,0.9595
815,8,15,0.16374969180425009,0.9604166666666667,0.9595
816,8,16,0.16045861957470575,0.961375,0.9595
817,8,17,0.15817070033152897,0.9619583333333334,0.9595
818,8,18,0.1560334001382192,0.9622083333333333,0.9595
819,8,19,0.1543116211692492,0.962625,0.9595
820,8,20,0.15274853752056758,0.963,0.9595
821,8,21,0.1515917353630066,0.963375,0.9595
822,8,22,0.15000270920991898,0.9635833333333333,0.9595
823,8,23,0.14913036688168843,0.9637916666666667,0.9595
824,8,24,0.1483223239382108,0.964125,0.9595
825,8,25,0.1474421792825063,0.9640416666666667,0.9595
826,8,26,0.14655954166253407,0.964125,0.9595
827,8,27,0.14611618387699127,0.9642083333333333,0.9595
828,8,28,0.14525634853045147,0.9645416666666666,0.9595
829,8,29,0.1444577114780744,0.9645416666666666,0.9595
830,8,30,0.14378498242298762,0.9645833333333333,0.9595
831,8,31,0.14309887361526488,0.964625,0.9595
832,8,32,0.14269594419002532,0.96475,0.9595
833,8,33,0.14213976186513902,0.964875,0.9595
834,8,34,0.14180989724397658,0.96475,0.9595
835,8,35,0.14095238023996354,0.965,0.9595
836,8,36,0.14060887533426286,0.965,0.9595
837,8,37,0.14041043331225714,0.965,0.9595
838,8,38,0.13990715541442236,0.9649583333333334,0.9595
839,8,39,0.13927455657720567,0.9651666666666666,0.9595
840,8,40,0.13868825282653172,0.965125,0.9595
841,8,41,0.1386398158868154,0.96525,0.9595
842,8,42,0.13841274336973827,0.9652083333333333,0.9595
843,8,43,0.13786561930179597,0.9653333333333334,0.9595
844,8,44,0.13746198872725168,0.9655,0.9595
845,8,45,0.13738981805245082,0.9654583333333333,0.9595
846,8,46,0.13713601231575012,0.9654583333333333,0.9595
847,8,47,0.1365822385350863,0.9655833333333333,0.9595
848,8,48,0.13605741256475448,0.9659166666666666,0.9595
849,8,49,0.1355402467449506,0.9657083333333333,0.9595
850,8,50,0.13545515777667363,0.96575,0.9595
851,8,51,0.1347753332654635,0.9657083333333333,0.9595
852,8,52,0.1345856540799141,0.9658333333333333,0.9595
853,8,53,0.1343444713751475,0.9659166666666666,0.9595
854,8,54,0.1343078752756119,0.966,0.9595
855,8,55,0.13371028373638788,0.965875,0.9595
856,8,56,0.13353809255361557,0.9661666666666666,0.9595
857,8,57,0.13320093884070713,0.9660416666666667,0.9595
858,8,58,0.13316172768672307,0.966,0.9595
859,8,59,0.13326493082443874,0.966125,0.9595
860,8,60,0.13287451833486558,0.9662083333333333,0.9595
861,8,61,0.1327882691025734,0.966375,0.9595
862,8,62,0.13250026136636733,0.966375,0.9595
863,8,63,0.1321195260286331,0.9665416666666666,0.9595
864,8,64,0.13182528748114905,0.9663333333333334,0.9595
865,8,65,0.13109677656491597,0.9665833333333333,0.9595
866,8,66,0.1314652965068817,0.966625,0.9595
867,8,67,0.13100978696346283,0.9663333333333334,0.9595
868,8,68,0.13081521451473235,0.9664166666666667,0.9595
869,8,69,0.1302950471639633,0.96625,0.9595
870,8,70,0.1297894217570623,0.9664583333333333,0.9595
871,8,71,0.13035806943972905,0.9662083333333333,0.9595
872,8,72,0.13016866974035898,0.9663333333333334,0.9595
873,8,73,0.12988770759105683,0.9664583333333333,0.9595
874,8,74,0.12938233065605165,0.9663333333333334,0.9595
875,8,75,0.1288241347670555,0.9664166666666667,0.9595
876,8,76,0.12886948786179225,0.9659583333333334,0.9595
877,8,77,0.12923273924986522,0.965875,0.9595
878,8,78,0.12903164156277974,0.966125,0.9595
879,8,79,0.12913334276278815,0.9659583333333334,0.9595
880,8,80,0.1292255649169286,0.9659166666666666,0.9595
881,8,81,0.12878623459736507,0.966,0.9595
882,8,82,0.12854572107394535,0.9660416666666667,0.9595
883,8,83,0.12867987954616547,0.9659583333333334,0.9595
884,8,84,0.12817643145720164,0.9660416666666667,0.9595
885,8,85,0.12781638212998708,0.9660833333333333,0.9595
886,8,86,0.12733402254184087,0.9662083333333333,0.9595
887,8,87,0.1270573304692904,0.966,0.9595
888,8,88,0.1263186449209849,0.966125,0.9595
889,8,89,0.1264331509868304,0.96625,0.9595
890,8,90,0.12664063243071239,0.9659583333333334,0.9595
891,8,91,0.1271336438258489,0.965875,0.9595
892,8,92,0.12684551630417507,0.9660833333333333,0.9595
893,8,93,0.12634015446901323,0.9660416666666667,0.9595
894,8,94,0.12615671080350876,0.9660416666666667,0.9595
895,8,95,0.12554980037609736,0.96625,0.9595
896,8,96,0.12474917680025101,0.966375,0.9595
897,8,97,0.12584171052773793,0.9660416666666667,0.9595
898,8,98,0.1257841529250145,0.96625,0.9595
899,8,99,0.1249927595059077,0.9664166666666667,0.9595
900,9,0,0.6938071374893189,0.503875,0.9576666666666667
901,9,1,0.6926109159787496,0.512125,0.9576666666666667
902,9,2,0.6914467013676961,0.5249166666666667,0.9576666666666667
903,9,3,0.6883885699907939,0.5385833333333333,0.9576666666666667
904,9,4,0.6682256422042847,0.5844583333333333,0.9576666666666667
905,9,5,0.5822037914594015,0.6841666666666667,0.9576666666666667
906,9,6,0.4361867451667786,0.8034583333333334,0.9576666666666667
907,9,7,0.32323227167129515,0.8780833333333333,0.9576666666666667
908,9,8,0.2719506560166677,0.9060833333333334,0.9576666666666667
909,9,9,0.23424126823743185,0.9307083333333334,0.9576666666666667
910,9,10,0.21277235623200735,0.942125,0.9576666666666667
911,9,11,0.19980910722414652,0.9465416666666666,0.9576666666666667
912,9,12,0.18878380052248636,0.9514166666666667,0.9576666666666667
913,9,13,0.18130945765972137,0.9542083333333333,0.9576666666666667
914,9,14,0.17564294759432475,0.9562916666666667,0.9576666666666667
915,9,15,0.17250420546531678,0.956875,0.9576666666666667
916,9,16,0.17044287872314454,0.957375,0.9576666666666667
917,9,17,0.17049536287784575,0.956,0.9576666666666667
918,9,18,0.17119956723848978,0.95575,0.9576666666666667
919,9,19,0.16768001552422843,0.958,0.9576666666666667
920,9,20,0.1605184777577718,0.9606666666666667,0.9576666666666667
921,9,21,0.15582783130804698,0.9621666666666666,0.9576666666666667
922,9,22,0.15464174922307333,0.9624166666666667,0.9576666666666667
923,9,23,0.15445908876260123,0.962125,0.9576666666666667
924,9,24,0.15312789545456568,0.9624166666666667,0.9576666666666667
925,9,25,0.15205284227927526,0.9624166666666667,0.9576666666666667
926,9,26,0.15109064209461212,0.96225,0.9576666666666667
927,9,27,0.15016447710990904,0.962375,0.9576666666666667
928,9,28,0.1494700359304746,0.9624166666666667,0.9576666666666667
929,9,29,0.14899532733360926,0.9622916666666667,0.9576666666666667
930,9,30,0.148509428580602,0.96225,0.9576666666666667
931,9,31,0.14780862126747768,0.9624583333333333,0.9576666666666667
932,9,32,0.14711257034540176,0.9623333333333334,0.9576666666666667
933,9,33,0.14608160185813904,0.9625833333333333,0.9576666666666667
934,9,34,0.1456948285897573,0.9624166666666667,0.9576666666666667
935,9,35,0.145042203048865,0.9623333333333334,0.9576666666666667
936,9,36,0.14449242774645488,0.9625,0.9576666666666667
937,9,37,0.14380140831073127,0.9622916666666667,0.9576666666666667
938,9,38,0.1431249042948087,0.9627916666666667,0.9576666666666667
939,9,39,0.14249651322762172,0.9625833333333333,0.9576666666666667
940,9,40,0.14173540206750235,0.9628333333333333,0.9576666666666667
941,9,41,0.14094353650013605,0.9632083333333333,0.9576666666666667
942,9,42,0.14099850630760194,0.96325,0.9576666666666667
943,9,43,0.14008920615911483,0.9630416666666667,0.9576666666666667
944,9,44,0.13961468549569447,0.9630833333333333,0.9576666666666667
945,9,45,0.13975944300492604,0.963,0.9576666666666667
946,9,46,0.13971813263495764,0.9630416666666667,0.9576666666666667
947,9,47,0.13930339660247168,0.9629166666666666,0.9576666666666667
948,9,48,0.13866141712665558,0.9632083333333333,0.9576666666666667
949,9,49,0.13800253587961198,0.9630416666666667,0.9576666666666667
950,9,50,0.1375228053132693,0.9634583333333333,0.9576666666666667
951,9,51,0.1368824164668719,0.9634166666666667,0.9576666666666667
952,9,52,0.13664447224140167,0.963625,0.9576666666666667
953,9,53,0.13615921024481456,0.9634583333333333,0.9576666666666667
954,9,54,0.13506155959765118,0.9633333333333334,0.9576666666666667
955,9,55,0.13540041840076447,0.9635416666666666,0.9576666666666667
956,9,56,0.1356351752082507,0.9633333333333334,0.9576666666666667
957,9,57,0.13538488493363063,0.963125,0.9576666666666667
958,9,58,0.13499706222613653,0.9631666666666666,0.9576666666666667
959,9,59,0.1347537696560224,0.963375,0.9576666666666667
960,9,60,0.1352169035077095,0.9634166666666667,0.9576666666666667
961,9,61,0.13473811570803323,0.9632083333333333,0.9576666666666667
962,9,62,0.13490364787975948,0.9635416666666666,0.9576666666666667
963,9,63,0.1341875572403272,0.9635416666666666,0.9576666666666667
964,9,64,0.13431850918134053,0.9635,0.9576666666666667
965,9,65,0.13399165910482408,0.9634583333333333,0.9576666666666667
966,9,66,0.1339716721177101,0.9635416666666666,0.9576666666666667
967,9,67,0.13334523862600325,0.9635833333333333,0.9576666666666667
968,9,68,0.13315400036176045,0.9637083333333333,0.9576666666666667
969,9,69,0.13237952584028245,0.9639166666666666,0.9576666666666667
970,9,70,0.13163347552220026,0.9640833333333333,0.9576666666666667
971,9,71,0.13118684963385263,0.9637083333333333,0.9576666666666667
972,9,72,0.13049693175156912,0.9637916666666667,0.9576666666666667
973,9,73,0.13032468767960867,0.9642916666666667,0.9576666666666667
974,9,74,0.12995631084839504,0.9640833333333333,0.9576666666666667
975,9,75,0.12925759744644166,0.9645416666666666,0.9576666666666667
976,9,76,0.12900130128860474,0.9644166666666667,0.9576666666666667
977,9,77,0.12846717178821565,0.9644166666666667,0.9576666666666667
978,9,78,0.1289036582907041,0.96425,0.9576666666666667
979,9,79,0.12740263883272807,0.9646666666666667,0.9576666666666667
980,9,80,0.12737391132116319,0.9644583333333333,0.9576666666666667
981,9,81,0.12686536365747453,0.9645416666666666,0.9576666666666667
982,9,82,0.12689221167564393,0.9644166666666667,0.9576666666666667
983,9,83,0.1260602064927419,0.9642916666666667,0.9576666666666667
984,9,84,0.12518028451999028,0.9649583333333334,0.9576666666666667
985,9,85,0.12506611760457356,0.9641666666666666,0.9576666666666667
986,9,86,0.12364233525594076,0.9647083333333333,0.9576666666666667
987,9,87,0.12502329647541047,0.963875,0.9576666666666667
988,9,88,0.12501556531588237,0.9642916666666667,0.9576666666666667
989,9,89,0.12526199255386988,0.9644166666666667,0.9576666666666667
990,9,90,0.12514807345469792,0.96425,0.9576666666666667
991,9,91,0.12482578470309576,0.9642083333333333,0.9576666666666667
992,9,92,0.12446287449200948,0.9640833333333333,0.9576666666666667
993,9,93,0.12318226933479309,0.9644583333333333,0.9576666666666667
994,9,94,0.12395529778798421,0.96425,0.9576666666666667
995,9,95,0.12473016929626465,0.964625,0.9576666666666667
996,9,96,0.12450132983922958,0.9640416666666667,0.9576666666666667
997,9,97,0.12488267097870509,0.9641666666666666,0.9576666666666667
998,9,98,0.12492706086238226,0.96425,0.9576666666666667
999,9,99,0.12474029954274496,0.964,0.9576666666666667
